,id,first_name,last_name,phone,email
0,14,Jean-Michel,Dupont,456-456-112,Jean-Michel.Dupont@gmal.com
1,28,Jean-François,Grondin,456-456-123,Jean-François.Grondin@gmal.com
2,39,Amir,Cartoon,456-456-555,Amir.Cartoon@gmal.com
3,46,James,Oneil,456-456-221,James.Oneil@gmal.com
4,50,Sarah,Marimoutou,456-456-777,Sarah.Marimoutou@gmal.com
5,63,Paul,Payet,456-456-444,Paul.Payet@gmal.com
6,73,Camille,Etheve,456-456-888,Camille.Etheve@gmal.com
7,97,Anis,Etheve,456-456-888,Anis.Etheve@gmal.com
8,56,Anis,Etheve,456-456-888,Anis.Etheve@gmal.com
